{"ContentRoots":["C:\\Users\\Wiktor Kalaga\\Documents\\Studia\\KJP\\IterationAndRecurssionInspector\\AlgorithmsInspector\\wwwroot\\","C:\\Users\\Wiktor Kalaga\\.nuget\\packages\\psc.blazor.components.chartjs\\8.0.3\\staticwebassets\\","C:\\Users\\Wiktor Kalaga\\Documents\\Studia\\KJP\\IterationAndRecurssionInspector\\AlgorithmsInspector\\obj\\Release\\net8.0-windows\\scopedcss\\bundle\\"],"Root":{"Children":{"css":{"Children":{"app.css":{"Children":null,"Asset":{"ContentRootIndex":0,"SubPath":"css/app.css"},"Patterns":null}},"Asset":null,"Patterns":null},"index.html":{"Children":null,"Asset":{"ContentRootIndex":0,"SubPath":"index.html"},"Patterns":null},"_content":{"Children":{"PSC.Blazor.Components.Chartjs":{"Children":{"Chart.js":{"Children":null,"Asset":{"ContentRootIndex":1,"SubPath":"Chart.js"},"Patterns":null},"lib":{"Children":{"Chart.js":{"Children":{"chart.cjs":{"Children":null,"Asset":{"ContentRootIndex":1,"SubPath":"lib/Chart.js/chart.cjs"},"Patterns":null},"chart.cjs.map":{"Children":null,"Asset":{"ContentRootIndex":1,"SubPath":"lib/Chart.js/chart.cjs.map"},"Patterns":null},"chart.esm.js":{"Children":null,"Asset":{"ContentRootIndex":1,"SubPath":"lib/Chart.js/chart.esm.js"},"Patterns":null},"chart.esm.min.js":{"Children":null,"Asset":{"ContentRootIndex":1,"SubPath":"lib/Chart.js/chart.esm.min.js"},"Patterns":null},"chart.js":{"Children":null,"Asset":{"ContentRootIndex":1,"SubPath":"lib/Chart.js/chart.js"},"Patterns":null},"chart.js.map":{"Children":null,"Asset":{"ContentRootIndex":1,"SubPath":"lib/Chart.js/chart.js.map"},"Patterns":null},"chart.min.js":{"Children":null,"Asset":{"ContentRootIndex":1,"SubPath":"lib/Chart.js/chart.min.js"},"Patterns":null},"chart.mjs":{"Children":null,"Asset":{"ContentRootIndex":1,"SubPath":"lib/Chart.js/chart.mjs"},"Patterns":null},"chart.umd.js":{"Children":null,"Asset":{"ContentRootIndex":1,"SubPath":"lib/Chart.js/chart.umd.js"},"Patterns":null},"chart.umd.js.map":{"Children":null,"Asset":{"ContentRootIndex":1,"SubPath":"lib/Chart.js/chart.umd.js.map"},"Patterns":null},"chunks":{"Children":{"helpers.segment.cjs":{"Children":null,"Asset":{"ContentRootIndex":1,"SubPath":"lib/Chart.js/chunks/helpers.segment.cjs"},"Patterns":null},"helpers.segment.cjs.map":{"Children":null,"Asset":{"ContentRootIndex":1,"SubPath":"lib/Chart.js/chunks/helpers.segment.cjs.map"},"Patterns":null},"helpers.segment.js":{"Children":null,"Asset":{"ContentRootIndex":1,"SubPath":"lib/Chart.js/chunks/helpers.segment.js"},"Patterns":null},"helpers.segment.js.map":{"Children":null,"Asset":{"ContentRootIndex":1,"SubPath":"lib/Chart.js/chunks/helpers.segment.js.map"},"Patterns":null}},"Asset":null,"Patterns":null},"controllers":{"Children":{"controller.bar.d.ts":{"Children":null,"Asset":{"ContentRootIndex":1,"SubPath":"lib/Chart.js/controllers/controller.bar.d.ts"},"Patterns":null},"controller.bubble.d.ts":{"Children":null,"Asset":{"ContentRootIndex":1,"SubPath":"lib/Chart.js/controllers/controller.bubble.d.ts"},"Patterns":null},"controller.doughnut.d.ts":{"Children":null,"Asset":{"ContentRootIndex":1,"SubPath":"lib/Chart.js/controllers/controller.doughnut.d.ts"},"Patterns":null},"controller.line.d.ts":{"Children":null,"Asset":{"ContentRootIndex":1,"SubPath":"lib/Chart.js/controllers/controller.line.d.ts"},"Patterns":null},"controller.pie.d.ts":{"Children":null,"Asset":{"ContentRootIndex":1,"SubPath":"lib/Chart.js/controllers/controller.pie.d.ts"},"Patterns":null},"controller.polarArea.d.ts":{"Children":null,"Asset":{"ContentRootIndex":1,"SubPath":"lib/Chart.js/controllers/controller.polarArea.d.ts"},"Patterns":null},"controller.radar.d.ts":{"Children":null,"Asset":{"ContentRootIndex":1,"SubPath":"lib/Chart.js/controllers/controller.radar.d.ts"},"Patterns":null},"controller.scatter.d.ts":{"Children":null,"Asset":{"ContentRootIndex":1,"SubPath":"lib/Chart.js/controllers/controller.scatter.d.ts"},"Patterns":null},"index.d.ts":{"Children":null,"Asset":{"ContentRootIndex":1,"SubPath":"lib/Chart.js/controllers/index.d.ts"},"Patterns":null}},"Asset":null,"Patterns":null},"core":{"Children":{"core.adapters.d.ts":{"Children":null,"Asset":{"ContentRootIndex":1,"SubPath":"lib/Chart.js/core/core.adapters.d.ts"},"Patterns":null},"core.animation.d.ts":{"Children":null,"Asset":{"ContentRootIndex":1,"SubPath":"lib/Chart.js/core/core.animation.d.ts"},"Patterns":null},"core.animations.d.ts":{"Children":null,"Asset":{"ContentRootIndex":1,"SubPath":"lib/Chart.js/core/core.animations.d.ts"},"Patterns":null},"core.animations.defaults.d.ts":{"Children":null,"Asset":{"ContentRootIndex":1,"SubPath":"lib/Chart.js/core/core.animations.defaults.d.ts"},"Patterns":null},"core.animator.d.ts":{"Children":null,"Asset":{"ContentRootIndex":1,"SubPath":"lib/Chart.js/core/core.animator.d.ts"},"Patterns":null},"core.config.d.ts":{"Children":null,"Asset":{"ContentRootIndex":1,"SubPath":"lib/Chart.js/core/core.config.d.ts"},"Patterns":null},"core.controller.d.ts":{"Children":null,"Asset":{"ContentRootIndex":1,"SubPath":"lib/Chart.js/core/core.controller.d.ts"},"Patterns":null},"core.datasetController.d.ts":{"Children":null,"Asset":{"ContentRootIndex":1,"SubPath":"lib/Chart.js/core/core.datasetController.d.ts"},"Patterns":null},"core.defaults.d.ts":{"Children":null,"Asset":{"ContentRootIndex":1,"SubPath":"lib/Chart.js/core/core.defaults.d.ts"},"Patterns":null},"core.element.d.ts":{"Children":null,"Asset":{"ContentRootIndex":1,"SubPath":"lib/Chart.js/core/core.element.d.ts"},"Patterns":null},"core.interaction.d.ts":{"Children":null,"Asset":{"ContentRootIndex":1,"SubPath":"lib/Chart.js/core/core.interaction.d.ts"},"Patterns":null},"core.layouts.d.ts":{"Children":null,"Asset":{"ContentRootIndex":1,"SubPath":"lib/Chart.js/core/core.layouts.d.ts"},"Patterns":null},"core.layouts.defaults.d.ts":{"Children":null,"Asset":{"ContentRootIndex":1,"SubPath":"lib/Chart.js/core/core.layouts.defaults.d.ts"},"Patterns":null},"core.plugins.d.ts":{"Children":null,"Asset":{"ContentRootIndex":1,"SubPath":"lib/Chart.js/core/core.plugins.d.ts"},"Patterns":null},"core.registry.d.ts":{"Children":null,"Asset":{"ContentRootIndex":1,"SubPath":"lib/Chart.js/core/core.registry.d.ts"},"Patterns":null},"core.scale.autoskip.d.ts":{"Children":null,"Asset":{"ContentRootIndex":1,"SubPath":"lib/Chart.js/core/core.scale.autoskip.d.ts"},"Patterns":null},"core.scale.d.ts":{"Children":null,"Asset":{"ContentRootIndex":1,"SubPath":"lib/Chart.js/core/core.scale.d.ts"},"Patterns":null},"core.scale.defaults.d.ts":{"Children":null,"Asset":{"ContentRootIndex":1,"SubPath":"lib/Chart.js/core/core.scale.defaults.d.ts"},"Patterns":null},"core.ticks.d.ts":{"Children":null,"Asset":{"ContentRootIndex":1,"SubPath":"lib/Chart.js/core/core.ticks.d.ts"},"Patterns":null},"core.typedRegistry.d.ts":{"Children":null,"Asset":{"ContentRootIndex":1,"SubPath":"lib/Chart.js/core/core.typedRegistry.d.ts"},"Patterns":null},"index.d.ts":{"Children":null,"Asset":{"ContentRootIndex":1,"SubPath":"lib/Chart.js/core/index.d.ts"},"Patterns":null}},"Asset":null,"Patterns":null},"elements":{"Children":{"element.arc.d.ts":{"Children":null,"Asset":{"ContentRootIndex":1,"SubPath":"lib/Chart.js/elements/element.arc.d.ts"},"Patterns":null},"element.bar.d.ts":{"Children":null,"Asset":{"ContentRootIndex":1,"SubPath":"lib/Chart.js/elements/element.bar.d.ts"},"Patterns":null},"element.line.d.ts":{"Children":null,"Asset":{"ContentRootIndex":1,"SubPath":"lib/Chart.js/elements/element.line.d.ts"},"Patterns":null},"element.point.d.ts":{"Children":null,"Asset":{"ContentRootIndex":1,"SubPath":"lib/Chart.js/elements/element.point.d.ts"},"Patterns":null},"index.d.ts":{"Children":null,"Asset":{"ContentRootIndex":1,"SubPath":"lib/Chart.js/elements/index.d.ts"},"Patterns":null}},"Asset":null,"Patterns":null},"helpers.cjs":{"Children":null,"Asset":{"ContentRootIndex":1,"SubPath":"lib/Chart.js/helpers.cjs"},"Patterns":null},"helpers.cjs.map":{"Children":null,"Asset":{"ContentRootIndex":1,"SubPath":"lib/Chart.js/helpers.cjs.map"},"Patterns":null},"helpers.esm.js":{"Children":null,"Asset":{"ContentRootIndex":1,"SubPath":"lib/Chart.js/helpers.esm.js"},"Patterns":null},"helpers.esm.min.js":{"Children":null,"Asset":{"ContentRootIndex":1,"SubPath":"lib/Chart.js/helpers.esm.min.js"},"Patterns":null},"helpers.js":{"Children":null,"Asset":{"ContentRootIndex":1,"SubPath":"lib/Chart.js/helpers.js"},"Patterns":null},"helpers.js.map":{"Children":null,"Asset":{"ContentRootIndex":1,"SubPath":"lib/Chart.js/helpers.js.map"},"Patterns":null},"helpers.mjs":{"Children":null,"Asset":{"ContentRootIndex":1,"SubPath":"lib/Chart.js/helpers.mjs"},"Patterns":null},"helpers":{"Children":{"helpers.canvas.d.ts":{"Children":null,"Asset":{"ContentRootIndex":1,"SubPath":"lib/Chart.js/helpers/helpers.canvas.d.ts"},"Patterns":null},"helpers.collection.d.ts":{"Children":null,"Asset":{"ContentRootIndex":1,"SubPath":"lib/Chart.js/helpers/helpers.collection.d.ts"},"Patterns":null},"helpers.color.d.ts":{"Children":null,"Asset":{"ContentRootIndex":1,"SubPath":"lib/Chart.js/helpers/helpers.color.d.ts"},"Patterns":null},"helpers.config.d.ts":{"Children":null,"Asset":{"ContentRootIndex":1,"SubPath":"lib/Chart.js/helpers/helpers.config.d.ts"},"Patterns":null},"helpers.config.types.d.ts":{"Children":null,"Asset":{"ContentRootIndex":1,"SubPath":"lib/Chart.js/helpers/helpers.config.types.d.ts"},"Patterns":null},"helpers.core.d.ts":{"Children":null,"Asset":{"ContentRootIndex":1,"SubPath":"lib/Chart.js/helpers/helpers.core.d.ts"},"Patterns":null},"helpers.curve.d.ts":{"Children":null,"Asset":{"ContentRootIndex":1,"SubPath":"lib/Chart.js/helpers/helpers.curve.d.ts"},"Patterns":null},"helpers.dom.d.ts":{"Children":null,"Asset":{"ContentRootIndex":1,"SubPath":"lib/Chart.js/helpers/helpers.dom.d.ts"},"Patterns":null},"helpers.easing.d.ts":{"Children":null,"Asset":{"ContentRootIndex":1,"SubPath":"lib/Chart.js/helpers/helpers.easing.d.ts"},"Patterns":null},"helpers.extras.d.ts":{"Children":null,"Asset":{"ContentRootIndex":1,"SubPath":"lib/Chart.js/helpers/helpers.extras.d.ts"},"Patterns":null},"helpers.interpolation.d.ts":{"Children":null,"Asset":{"ContentRootIndex":1,"SubPath":"lib/Chart.js/helpers/helpers.interpolation.d.ts"},"Patterns":null},"helpers.intl.d.ts":{"Children":null,"Asset":{"ContentRootIndex":1,"SubPath":"lib/Chart.js/helpers/helpers.intl.d.ts"},"Patterns":null},"helpers.math.d.ts":{"Children":null,"Asset":{"ContentRootIndex":1,"SubPath":"lib/Chart.js/helpers/helpers.math.d.ts"},"Patterns":null},"helpers.options.d.ts":{"Children":null,"Asset":{"ContentRootIndex":1,"SubPath":"lib/Chart.js/helpers/helpers.options.d.ts"},"Patterns":null},"helpers.rtl.d.ts":{"Children":null,"Asset":{"ContentRootIndex":1,"SubPath":"lib/Chart.js/helpers/helpers.rtl.d.ts"},"Patterns":null},"helpers.segment.d.ts":{"Children":null,"Asset":{"ContentRootIndex":1,"SubPath":"lib/Chart.js/helpers/helpers.segment.d.ts"},"Patterns":null},"index.d.ts":{"Children":null,"Asset":{"ContentRootIndex":1,"SubPath":"lib/Chart.js/helpers/index.d.ts"},"Patterns":null}},"Asset":null,"Patterns":null},"index.d.ts":{"Children":null,"Asset":{"ContentRootIndex":1,"SubPath":"lib/Chart.js/index.d.ts"},"Patterns":null},"index.umd.d.ts":{"Children":null,"Asset":{"ContentRootIndex":1,"SubPath":"lib/Chart.js/index.umd.d.ts"},"Patterns":null},"platform":{"Children":{"index.d.ts":{"Children":null,"Asset":{"ContentRootIndex":1,"SubPath":"lib/Chart.js/platform/index.d.ts"},"Patterns":null},"platform.base.d.ts":{"Children":null,"Asset":{"ContentRootIndex":1,"SubPath":"lib/Chart.js/platform/platform.base.d.ts"},"Patterns":null},"platform.basic.d.ts":{"Children":null,"Asset":{"ContentRootIndex":1,"SubPath":"lib/Chart.js/platform/platform.basic.d.ts"},"Patterns":null},"platform.dom.d.ts":{"Children":null,"Asset":{"ContentRootIndex":1,"SubPath":"lib/Chart.js/platform/platform.dom.d.ts"},"Patterns":null}},"Asset":null,"Patterns":null},"plugins":{"Children":{"index.d.ts":{"Children":null,"Asset":{"ContentRootIndex":1,"SubPath":"lib/Chart.js/plugins/index.d.ts"},"Patterns":null},"plugin.colors.d.ts":{"Children":null,"Asset":{"ContentRootIndex":1,"SubPath":"lib/Chart.js/plugins/plugin.colors.d.ts"},"Patterns":null},"plugin.decimation.d.ts":{"Children":null,"Asset":{"ContentRootIndex":1,"SubPath":"lib/Chart.js/plugins/plugin.decimation.d.ts"},"Patterns":null},"plugin.filler":{"Children":{"filler.drawing.d.ts":{"Children":null,"Asset":{"ContentRootIndex":1,"SubPath":"lib/Chart.js/plugins/plugin.filler/filler.drawing.d.ts"},"Patterns":null},"filler.helper.d.ts":{"Children":null,"Asset":{"ContentRootIndex":1,"SubPath":"lib/Chart.js/plugins/plugin.filler/filler.helper.d.ts"},"Patterns":null},"filler.options.d.ts":{"Children":null,"Asset":{"ContentRootIndex":1,"SubPath":"lib/Chart.js/plugins/plugin.filler/filler.options.d.ts"},"Patterns":null},"filler.segment.d.ts":{"Children":null,"Asset":{"ContentRootIndex":1,"SubPath":"lib/Chart.js/plugins/plugin.filler/filler.segment.d.ts"},"Patterns":null},"filler.target.d.ts":{"Children":null,"Asset":{"ContentRootIndex":1,"SubPath":"lib/Chart.js/plugins/plugin.filler/filler.target.d.ts"},"Patterns":null},"filler.target.stack.d.ts":{"Children":null,"Asset":{"ContentRootIndex":1,"SubPath":"lib/Chart.js/plugins/plugin.filler/filler.target.stack.d.ts"},"Patterns":null},"index.d.ts":{"Children":null,"Asset":{"ContentRootIndex":1,"SubPath":"lib/Chart.js/plugins/plugin.filler/index.d.ts"},"Patterns":null},"simpleArc.d.ts":{"Children":null,"Asset":{"ContentRootIndex":1,"SubPath":"lib/Chart.js/plugins/plugin.filler/simpleArc.d.ts"},"Patterns":null}},"Asset":null,"Patterns":null},"plugin.legend.d.ts":{"Children":null,"Asset":{"ContentRootIndex":1,"SubPath":"lib/Chart.js/plugins/plugin.legend.d.ts"},"Patterns":null},"plugin.subtitle.d.ts":{"Children":null,"Asset":{"ContentRootIndex":1,"SubPath":"lib/Chart.js/plugins/plugin.subtitle.d.ts"},"Patterns":null},"plugin.title.d.ts":{"Children":null,"Asset":{"ContentRootIndex":1,"SubPath":"lib/Chart.js/plugins/plugin.title.d.ts"},"Patterns":null},"plugin.tooltip.d.ts":{"Children":null,"Asset":{"ContentRootIndex":1,"SubPath":"lib/Chart.js/plugins/plugin.tooltip.d.ts"},"Patterns":null}},"Asset":null,"Patterns":null},"scales":{"Children":{"index.d.ts":{"Children":null,"Asset":{"ContentRootIndex":1,"SubPath":"lib/Chart.js/scales/index.d.ts"},"Patterns":null},"scale.category.d.ts":{"Children":null,"Asset":{"ContentRootIndex":1,"SubPath":"lib/Chart.js/scales/scale.category.d.ts"},"Patterns":null},"scale.linear.d.ts":{"Children":null,"Asset":{"ContentRootIndex":1,"SubPath":"lib/Chart.js/scales/scale.linear.d.ts"},"Patterns":null},"scale.linearbase.d.ts":{"Children":null,"Asset":{"ContentRootIndex":1,"SubPath":"lib/Chart.js/scales/scale.linearbase.d.ts"},"Patterns":null},"scale.logarithmic.d.ts":{"Children":null,"Asset":{"ContentRootIndex":1,"SubPath":"lib/Chart.js/scales/scale.logarithmic.d.ts"},"Patterns":null},"scale.radialLinear.d.ts":{"Children":null,"Asset":{"ContentRootIndex":1,"SubPath":"lib/Chart.js/scales/scale.radialLinear.d.ts"},"Patterns":null},"scale.time.d.ts":{"Children":null,"Asset":{"ContentRootIndex":1,"SubPath":"lib/Chart.js/scales/scale.time.d.ts"},"Patterns":null},"scale.timeseries.d.ts":{"Children":null,"Asset":{"ContentRootIndex":1,"SubPath":"lib/Chart.js/scales/scale.timeseries.d.ts"},"Patterns":null}},"Asset":null,"Patterns":null},"types.d.ts":{"Children":null,"Asset":{"ContentRootIndex":1,"SubPath":"lib/Chart.js/types.d.ts"},"Patterns":null},"types":{"Children":{"animation.d.ts":{"Children":null,"Asset":{"ContentRootIndex":1,"SubPath":"lib/Chart.js/types/animation.d.ts"},"Patterns":null},"basic.d.ts":{"Children":null,"Asset":{"ContentRootIndex":1,"SubPath":"lib/Chart.js/types/basic.d.ts"},"Patterns":null},"color.d.ts":{"Children":null,"Asset":{"ContentRootIndex":1,"SubPath":"lib/Chart.js/types/color.d.ts"},"Patterns":null},"geometric.d.ts":{"Children":null,"Asset":{"ContentRootIndex":1,"SubPath":"lib/Chart.js/types/geometric.d.ts"},"Patterns":null},"index.d.ts":{"Children":null,"Asset":{"ContentRootIndex":1,"SubPath":"lib/Chart.js/types/index.d.ts"},"Patterns":null},"layout.d.ts":{"Children":null,"Asset":{"ContentRootIndex":1,"SubPath":"lib/Chart.js/types/layout.d.ts"},"Patterns":null},"utils.d.ts":{"Children":null,"Asset":{"ContentRootIndex":1,"SubPath":"lib/Chart.js/types/utils.d.ts"},"Patterns":null}},"Asset":null,"Patterns":null}},"Asset":null,"Patterns":null},"chartjs-adapter-moment":{"Children":{"chartjs-adapter-moment.esm.js":{"Children":null,"Asset":{"ContentRootIndex":1,"SubPath":"lib/chartjs-adapter-moment/chartjs-adapter-moment.esm.js"},"Patterns":null},"chartjs-adapter-moment.esm.min.js":{"Children":null,"Asset":{"ContentRootIndex":1,"SubPath":"lib/chartjs-adapter-moment/chartjs-adapter-moment.esm.min.js"},"Patterns":null},"chartjs-adapter-moment.js":{"Children":null,"Asset":{"ContentRootIndex":1,"SubPath":"lib/chartjs-adapter-moment/chartjs-adapter-moment.js"},"Patterns":null},"chartjs-adapter-moment.min.js":{"Children":null,"Asset":{"ContentRootIndex":1,"SubPath":"lib/chartjs-adapter-moment/chartjs-adapter-moment.min.js"},"Patterns":null}},"Asset":null,"Patterns":null},"chartjs-plugin-autocolors":{"Children":{"chartjs-plugin-autocolors.cjs":{"Children":null,"Asset":{"ContentRootIndex":1,"SubPath":"lib/chartjs-plugin-autocolors/chartjs-plugin-autocolors.cjs"},"Patterns":null},"chartjs-plugin-autocolors.cjs.map":{"Children":null,"Asset":{"ContentRootIndex":1,"SubPath":"lib/chartjs-plugin-autocolors/chartjs-plugin-autocolors.cjs.map"},"Patterns":null},"chartjs-plugin-autocolors.esm.js":{"Children":null,"Asset":{"ContentRootIndex":1,"SubPath":"lib/chartjs-plugin-autocolors/chartjs-plugin-autocolors.esm.js"},"Patterns":null},"chartjs-plugin-autocolors.esm.js.map":{"Children":null,"Asset":{"ContentRootIndex":1,"SubPath":"lib/chartjs-plugin-autocolors/chartjs-plugin-autocolors.esm.js.map"},"Patterns":null},"chartjs-plugin-autocolors.min.js":{"Children":null,"Asset":{"ContentRootIndex":1,"SubPath":"lib/chartjs-plugin-autocolors/chartjs-plugin-autocolors.min.js"},"Patterns":null},"chartjs-plugin-autocolors.min.js.map":{"Children":null,"Asset":{"ContentRootIndex":1,"SubPath":"lib/chartjs-plugin-autocolors/chartjs-plugin-autocolors.min.js.map"},"Patterns":null}},"Asset":null,"Patterns":null},"chartjs-plugin-datalabels":{"Children":{"chartjs-plugin-datalabels.esm.js":{"Children":null,"Asset":{"ContentRootIndex":1,"SubPath":"lib/chartjs-plugin-datalabels/chartjs-plugin-datalabels.esm.js"},"Patterns":null},"chartjs-plugin-datalabels.esm.min.js":{"Children":null,"Asset":{"ContentRootIndex":1,"SubPath":"lib/chartjs-plugin-datalabels/chartjs-plugin-datalabels.esm.min.js"},"Patterns":null},"chartjs-plugin-datalabels.js":{"Children":null,"Asset":{"ContentRootIndex":1,"SubPath":"lib/chartjs-plugin-datalabels/chartjs-plugin-datalabels.js"},"Patterns":null},"chartjs-plugin-datalabels.min.js":{"Children":null,"Asset":{"ContentRootIndex":1,"SubPath":"lib/chartjs-plugin-datalabels/chartjs-plugin-datalabels.min.js"},"Patterns":null}},"Asset":null,"Patterns":null},"chartjs-plugin-zoom":{"Children":{"chartjs-plugin-zoom.esm.js":{"Children":null,"Asset":{"ContentRootIndex":1,"SubPath":"lib/chartjs-plugin-zoom/chartjs-plugin-zoom.esm.js"},"Patterns":null},"chartjs-plugin-zoom.esm.min.js":{"Children":null,"Asset":{"ContentRootIndex":1,"SubPath":"lib/chartjs-plugin-zoom/chartjs-plugin-zoom.esm.min.js"},"Patterns":null},"chartjs-plugin-zoom.js":{"Children":null,"Asset":{"ContentRootIndex":1,"SubPath":"lib/chartjs-plugin-zoom/chartjs-plugin-zoom.js"},"Patterns":null},"chartjs-plugin-zoom.min.js":{"Children":null,"Asset":{"ContentRootIndex":1,"SubPath":"lib/chartjs-plugin-zoom/chartjs-plugin-zoom.min.js"},"Patterns":null}},"Asset":null,"Patterns":null},"hammer.js":{"Children":{"hammer.js":{"Children":null,"Asset":{"ContentRootIndex":1,"SubPath":"lib/hammer.js/hammer.js"},"Patterns":null},"hammer.min.js":{"Children":null,"Asset":{"ContentRootIndex":1,"SubPath":"lib/hammer.js/hammer.min.js"},"Patterns":null},"hammer.min.js.map":{"Children":null,"Asset":{"ContentRootIndex":1,"SubPath":"lib/hammer.js/hammer.min.js.map"},"Patterns":null},"hammer.min.map":{"Children":null,"Asset":{"ContentRootIndex":1,"SubPath":"lib/hammer.js/hammer.min.map"},"Patterns":null}},"Asset":null,"Patterns":null}},"Asset":null,"Patterns":null},"PSC.Blazor.Components.Chartjs.bundle.scp.css":{"Children":null,"Asset":{"ContentRootIndex":1,"SubPath":"PSC.Blazor.Components.Chartjs.bundle.scp.css"},"Patterns":null}},"Asset":null,"Patterns":null}},"Asset":null,"Patterns":null},"AlgorithmsInspector.styles.css":{"Children":null,"Asset":{"ContentRootIndex":2,"SubPath":"AlgorithmsInspector.styles.css"},"Patterns":null}},"Asset":null,"Patterns":[{"ContentRootIndex":0,"Pattern":"**","Depth":0}]}}